ts,Exit Time,Symbol,Side,Closed PnL,exec_fee,avgEntryPrice,avgExitPrice,qty,orderId,orderLinkId
1770656333698,2026-02-09 16:58:53,ETHUSDT,Sell,-0.07956564,,2092.81,2090.4,0.02,32477d1d-1b9c-4cb8-ae7d-ec00483a974f,
1770656402849,2026-02-09 17:00:02,SOLUSDT,Sell,-0.117267,,86.17,86,0.5,c77e4d24-58cb-4eb8-a714-60a9b3bea748,
1770658981383,2026-02-09 17:43:01,LINKUSDT,Sell,0.50028972,,8.813,8.909,5.6,21779ad6-0c3d-4553-87d7-8ecf8314e54a,
1770659847851,2026-02-09 17:57:27,SOLUSDT,Sell,0.00675675,,87.66,87.77,0.5,90db4d9a-fa5c-4d35-bc55-124e6c936c19,
1770660077685,2026-02-09 18:01:17,ETHUSDT,Sell,-0.1263808,,2128.39,2124.41,0.02,263a239d-d86d-4f57-8816-e6111bac6f46,
1770660333551,2026-02-09 18:05:33,BTCUSDT,Sell,-0.09543138,,70764.6,70747,0.001,92069257-ba16-43d4-a928-7c22452359f6,
1770660834864,2026-02-09 18:13:54,ADAUSDT,Sell,0.2386158,,0.2698,0.2713,184,f230009e-e85b-4245-8011-bf89a114b1f5,
1770666535262,2026-02-09 19:48:55,XRPUSDT,Sell,-0.04783202,,1.4488,1.4485,34.5,d7f0aeff-7ed5-4620-b8e0-5559ef2c8763,
1770667264671,2026-02-09 20:01:04,SOLUSDT,Sell,-0.1129035,,87.86,87.7,0.5,b62e266c-4b97-4a2b-bde7-fa63eb1bd086,
1770667265590,2026-02-09 20:01:05,BTCUSDT,Sell,-0.13190721,,70867.4,70788.6,0.001,31a762d9-4e81-4d3f-ab56-6d51d4ffc6f9,
1770682592517,2026-02-10 00:16:32,BTCUSDT,Buy,-0.15303461,,70071.7,70176.4,0.001,5289e2c6-7d68-4f25-bfa6-3a4bf02f2cb8,
1770685681189,2026-02-10 01:08:01,AVAXUSDT,Buy,-0.114763,,9.017,9.032,5.5,7a433e60-e738-4f43-945a-503b3da07166,
1770687008196,2026-02-10 01:30:08,XRPUSDT,Sell,0.0306027,,1.4452,1.4479,27.6,24dc928f-02ba-4f79-924f-95b1fcef6d6d,
1770693600398,2026-02-10 03:20:00,TRXUSDT,Sell,0.04850735,,0.27874,0.27932,179,e867d0e8-cb39-458d-a7ec-977889f58bba,
1770694448350,2026-02-10 03:34:08,XRPUSDT,Buy,-0.06909031,,1.4326,1.4335,27.9,d326a48b-fd25-46f8-87df-dcd98461ea24,
1770694593746,2026-02-10 03:36:33,BNBUSDT,Buy,0.17085012,,635.1,632.2,0.07,c73db530-22d4-47c3-ba23-8b2c74743ba1,
1770695663738,2026-02-10 03:54:23,SOLUSDT,Buy,-0.107146,,85.66,85.78,0.5,8b6e385e-6810-431f-94d5-c7684c9ec1b7,
1770696042585,2026-02-10 04:00:42,ETHUSDT,Buy,-0.1274069,,2061.9,2066,0.02,0c3887c3-c287-4bf7-8f7b-edf3de5c9f9d,
1770696044420,2026-02-10 04:00:44,LINKUSDT,Buy,-0.13993301,,8.674,8.689,5.7,a8f8efd9-ba57-41d6-ab32-2768f6f5852c,
1770701786606,2026-02-10 05:36:26,BTCUSDT,Buy,-0.11399229,,69544.4,69606.2,0.001,a8e1120d-f76d-4e01-ba79-d84ed1f4a23c,
1770703387194,2026-02-10 06:03:07,AVAXUSDT,Buy,0.01301832,,8.907,8.898,5.6,a6584e5c-b486-47e4-acd0-605ffcf46960,
1770706578447,2026-02-10 06:56:18,ETHUSDT,Buy,0.926745,,2052.09,2004.24,0.02,9f47e515-0c65-40d9-9c87-deeb8d8862fe,
1770706638440,2026-02-10 06:57:18,BTCUSDT,Buy,0.35454104,,69309.9,68903.6,0.001,ef6050f4-b57c-4f53-9f97-662e7ed5d7be,
1770706875703,2026-02-10 07:01:15,BNBUSDT,Buy,0.18236295,,633.3,630,0.07,5a60183e-6952-49eb-b0c6-c320dd685bf9,
1770707067949,2026-02-10 07:04:27,DOGEUSDT,Buy,0.44507714,,0.09488,0.09393,526,7f044e74-ec8f-4462-b9b1-9b504aecdb5d,
1770708108310,2026-02-10 07:21:48,LINKUSDT,Buy,-0.15300545,,8.519,8.536,5.8,0e7a2536-6779-42c4-b166-d3effabb3982,
1770708109841,2026-02-10 07:21:49,SOLUSDT,Buy,-0.05159875,,84.72,84.73,0.5,d66e47bf-ee33-4012-b73f-af27dca0feae,
1770708964694,2026-02-10 07:36:04,ADAUSDT,Buy,-0.0548834,,0.2626,0.2626,190,c14bd7c0-0be6-4002-b878-fa7c8834b111,
1770710814489,2026-02-10 08:06:54,ETHUSDT,Buy,0.04590464,,2011.55,2007.78,0.02,b9baccbf-61ba-4ace-8105-3b0fcb8bd98f,
1770711745469,2026-02-10 08:22:25,XRPUSDT,Buy,0.17719076,,1.4254,1.4188,35,c3c436fb-9e3d-4198-93e8-9cdb9423219f,
1770711768432,2026-02-10 08:22:48,BTCUSDT,Buy,-0.01607518,,68960.7,68922.1,0.001,ec67fab8-dfb6-4dba-8974-957276f4ec24,
1770712787613,2026-02-10 08:39:47,SOLUSDT,Buy,-0.086684,,84.41,84.52,0.5,5cbf0617-fbb2-435c-8f7e-0b628c7ae026,
1770712889868,2026-02-10 08:41:29,BNBUSDT,Buy,-0.06117965,,631.7,632.1,0.07,cf36c01f-a932-4f1e-a0c9-663a0a78e88c,
1770717710646,2026-02-10 10:01:50,BNBUSDT,Buy,-0.1044715,,629.1,629.9,0.07,6f0fae8c-629d-4713-8f32-02f996ec1dca,
1770723000648,2026-02-10 11:30:00,SOLUSDT,Buy,-0.111619,,84.2,84.36,0.5,b8f7c785-4ba9-4257-a56d-500e7a0fef1c,
1770723222521,2026-02-10 11:33:42,BTCUSDT,Buy,-0.16314467,,68911.2,69022.6,0.001,35ee1bf7-6d6e-4913-a4a2-019a493d6f80,
1770724863599,2026-02-10 12:01:03,ETHUSDT,Buy,0.0220823,,2009.76,2007.15,0.02,8422e48f-208e-4b8a-a264-58f1a32cfcb8,
1770724888108,2026-02-10 12:01:28,AVAXUSDT,Buy,-0.12541911,,8.79,8.803,5.6,985a27fe-6e5b-459d-a8fa-09f89c8c336e,
1770724936474,2026-02-10 12:02:16,BTCUSDT,Buy,-0.09299953,,68635.6,68677.1,0.001,b204011e-6823-4c89-94ab-73825bb2a3a6,
1770729491546,2026-02-10 13:18:11,BTCUSDT,Buy,-0.15363481,,68504.8,68607,0.001,d4593c54-17db-46c4-a4b1-0fed23d4e21c,
1770729532864,2026-02-10 13:18:52,ADAUSDT,Buy,-0.14804245,,0.2623,0.2628,190,5c1a5ec3-cc22-4ce4-a623-a817ad3a7761,
1770733000749,2026-02-10 14:16:40,BNBUSDT,Buy,-0.0214912,,625,624.8,0.08,ea2e116c-aa18-43a9-b76d-04d3609a271f,
1770733046679,2026-02-10 14:17:26,ETHUSDT,Buy,-0.63160191,,2004.75,2034.81,0.02,e6fea394-6932-49b8-9907-2e7b28991b51,
1770733116768,2026-02-10 14:18:36,SOLUSDT,Buy,-0.6867965,,83.83,85.14,0.5,f45789ed-bedb-4de0-8a82-39227f753710,
1770733117992,2026-02-10 14:18:37,DOGEUSDT,Buy,-0.16710009,,0.09346,0.09367,534,e557c426-34ec-4649-8cf7-b0ffee868feb,
1770734361353,2026-02-10 14:39:21,XRPUSDT,Buy,0.18975441,,1.4111,1.4047,35.5,596f8b35-f5f6-4292-905b-efaf7e6f756b,
1770734597118,2026-02-10 14:43:17,AVAXUSDT,Buy,0.1050567,,8.777,8.752,5.7,6957e6d7-debc-4d60-9326-0e9e028759db,
1770735020504,2026-02-10 14:50:20,ETHUSDT,Buy,-0.02279709,,2000.07,1999.71,0.02,d68460cb-dc9b-4c2e-b9b5-1e22000c9867,
1770735048358,2026-02-10 14:50:48,BTCUSDT,Buy,-0.11028836,,68074.4,68133.6,0.001,0d6c8aab-c94c-408b-b996-4fb8ad65149e,
1770735061828,2026-02-10 14:51:01,ADAUSDT,Buy,-0.0928625,,0.2624,0.2626,190,232932d4-3db3-4b70-9e93-89e36c82f12e,
1770735179060,2026-02-10 14:52:59,DOGEUSDT,Buy,-0.20650296,,0.09232,0.0926,541,fa2323ab-24cc-4476-b126-fe49b7f66048,
1770735345271,2026-02-10 14:55:45,LINKUSDT,Buy,-0.08936466,,8.537,8.546,5.8,4c571caa-b3ed-47d4-aec0-ba2d455e65b3,
1770735844820,2026-02-10 15:04:04,SOLUSDT,Buy,-0.12102125,,83.6,83.75,0.5,fcb71dac-d0c7-4e70-b22c-bc2a26fcb99e,
1770735996350,2026-02-10 15:06:36,XRPUSDT,Buy,-0.0843864,,1.4022,1.40302753,35.6,fe8a31ad-08d1-479d-bb2c-e2981acbf6a4,
1770735996657,2026-02-10 15:06:36,ADAUSDT,Buy,-0.13090433,,0.2625,0.2629,190,9755e42b-50ac-437d-97e1-f9dc92598ee9,
1770735999105,2026-02-10 15:06:39,AVAXUSDT,Buy,-0.18608477,,8.758,8.781,5.7,93594850-cbd9-4994-a7dd-1cbe6962c09e,
1770738816615,2026-02-10 15:53:36,SOLUSDT,Buy,-0.10159475,,84.15,84.29,0.5,5a84db8c-39fb-49f6-9c3a-9a70a25dd558,
1770738901690,2026-02-10 15:55:01,ETHUSDT,Buy,-0.11876947,,2021.39,2025.81,0.02,0d41d4b9-671d-4283-bb7f-580198e07221,
1770739726317,2026-02-10 16:08:46,XRPUSDT,Buy,-0.06565478,,1.4037,1.404,35.6,cf2f94a6-ee71-4077-b48c-8a4a437299d6,
1770740050748,2026-02-10 16:14:10,ADAUSDT,Buy,-0.0169043,,0.2628,0.2626,190,303637af-0efd-40f0-9463-40da78306d1b,
1770740057488,2026-02-10 16:14:17,BTCUSDT,Buy,-1.19698656,,68456.4,69573.4,0.001,6d9b17d2-ef2e-489b-a8fd-5c1fb5000969,
1770743403728,2026-02-10 17:10:03,ETHUSDT,Buy,-0.05458516,,2024.79,2026,0.02,d8861a3a-f8af-4805-b284-2a355fa0cedb,
1770744756081,2026-02-10 17:32:36,DOGEUSDT,Buy,-0.82352262,,0.0925,0.09392,540,8387cf2c-a22e-4bd8-9cd0-16d2cfa55772,
1770748104743,2026-02-10 18:28:24,ETHUSDT,Buy,0.3437866,,2027.94,2009.24,0.02,dc4322a2-b01f-4dc7-9ecd-84f650a397d4,
1770748537793,2026-02-10 18:35:37,SOLUSDT,Buy,0.3936475,,84.23,83.38,0.5,e1345eb4-057c-4cba-b71d-f3ab472ea371,
1770748537793,2026-02-10 18:35:37,ADAUSDT,Buy,0.09738829,,0.2617,0.2609,190,445b89aa-1fa9-40ef-9612-23be2a2ad5b8,
1770749779135,2026-02-10 18:56:19,DOGEUSDT,Buy,0.42057599,,0.09354,0.09265,534,ec1b47c2-4467-4bc9-b82b-02fd0a4ac531,
1770749779746,2026-02-10 18:56:19,ADAUSDT,Buy,-0.15032562,,0.2607,0.2612,191,3676b450-7023-4d78-add1-1fce58a7b1dc,
1770749808815,2026-02-10 18:56:48,BNBUSDT,Buy,0.05276859,,617.1,615.9,0.08,f8750f01-9f53-49fe-8c28-b13ea43018d7,
1770750559216,2026-02-10 19:09:19,XRPUSDT,Buy,-0.07268473,,1.4013,1.4018,35.6,771662f4-84b7-4752-8ead-e8c2d34d1145,
1770750601456,2026-02-10 19:10:01,ETHUSDT,Buy,-0.09303166,,2009.31,2011.75,0.02,7868ca27-537a-4859-83d5-d0b402cf6977,
1770750613397,2026-02-10 19:10:13,LINKUSDT,Buy,-0.12393208,,8.51,8.522,5.8,c534b834-6279-4682-b4ee-4dcad57d1b61,
1770750613397,2026-02-10 19:10:13,BTCUSDT,Buy,-0.13028819,,68871.1,68925.6,0.001,00488c16-34e3-4aaf-9f0e-b85234e94548,
1770751803719,2026-02-10 19:30:03,ADAUSDT,Buy,-0.13127812,,0.261,0.2614,191,1024dd08-e023-43d2-9c38-c6958251c341,
1770751841048,2026-02-10 19:30:41,DOGEUSDT,Buy,-0.09815095,,0.09247,0.09255,540,b789a761-7a79-4e85-8efb-46cad18bbf1a,
1770754947481,2026-02-10 20:22:27,LINKUSDT,Buy,-0.03168948,,8.527,8.52606897,5.8,5621ebc5-68ee-49b9-a790-4e33a292d775,
1770755463682,2026-02-10 20:31:03,BNBUSDT,Buy,-0.0850224,,616.6,617.2,0.08,6bfcfd4c-607d-4466-8d5e-9830b74f6506,
1770755471640,2026-02-10 20:31:11,ETHUSDT,Buy,-0.05399804,,2012.33,2013.52,0.02,39cc3b6d-ad72-4d7a-a950-96be58897197,
1770755474396,2026-02-10 20:31:14,BTCUSDT,Buy,-0.01179948,,68961.9,68922,0.001,16f21063-3eb7-4794-9857-a7c7cd0ca8e0,
1770755972277,2026-02-10 20:39:32,XRPUSDT,Buy,0.13743556,,1.4022,1.3968,35.6,a04159dd-adad-4fcf-85cc-18fe2f13d92e,
1770755972894,2026-02-10 20:39:32,SOLUSDT,Buy,0.1553817,,82.93,82.58,0.6,18534c96-eceb-426b-8368-70491f057c56,
1770757555838,2026-02-10 21:05:55,BNBUSDT,Buy,-0.1091136,,617.9,618.8,0.08,512bb427-4a26-4dd3-a197-11657dc15c1c,
1770759860851,2026-02-10 21:44:20,SOLUSDT,Buy,0.3169572,,82.75,82.16,0.6,f44fd690-4054-40c1-8403-bde8f66a87a7,
1770760100446,2026-02-10 21:48:20,LINKUSDT,Buy,0.12540091,,8.542,8.511,5.8,771d6029-5bc2-4538-8505-38b59c9f2c9b,
1770762213284,2026-02-10 22:23:33,XRPUSDT,Buy,-0.14087874,,1.3944,1.3968,35.8,a2dfaed5-9f3c-4b6b-9c48-844fd732fad3,
1770762927104,2026-02-10 22:35:27,DOGEUSDT,Buy,-0.14641163,,0.09277,0.09294,538,b18124b0-65ef-428a-9660-559d80616eda,
1770765608665,2026-02-10 23:20:08,SOLUSDT,Buy,0.0032264,,82.63,82.56,0.4,488f086e-3b42-4098-9a7e-e65882b6b583,
1770773755392,2026-02-11 01:35:55,LINKUSDT,Buy,-0.08276988,,8.54,8.548,5.8,d2b01cc9-7192-487e-88a6-d3d2bd41127b,
1770775385369,2026-02-11 02:03:05,XRPUSDT,Buy,-0.80595394,,1.3959,1.4167,35.8,5314f317-7127-4c9f-a0b8-db0c0407ea31,
1770776778223,2026-02-11 02:26:18,AVAXUSDT,Buy,-0.80244601,,8.711,8.843,5.7,1f472916-ff9a-4ee2-ba18-ebf9028df2d5,
1770780183474,2026-02-11 03:23:03,ETHUSDT,Buy,-0.00714658,,2004.55,2003.4,0.02,a92a0baf-8370-4f79-a0a5-89132a030019,
1770780197250,2026-02-11 03:23:17,XRPUSDT,Buy,0.16182333,,1.4045,1.3984,35.5,89f370de-d310-4951-8c29-0a0bc7c21eef,
1770783886524,2026-02-11 04:24:46,ETHUSDT,Buy,0.23633561,,2000.72,1987.41,0.02,2ef65ace-f8ff-4a77-9b1b-e4e521a6ad75,
1770783942835,2026-02-11 04:25:42,SOLUSDT,Buy,0.2273091,,83.1,82.63,0.6,92f333ad-91e0-4bea-82bf-a2ecb374350c,
1770783981401,2026-02-11 04:26:21,XRPUSDT,Buy,0.04485205,,1.4015,1.3987,35.6,dd5754de-4daa-4064-bb05-a313ae3181e6,
1770784382412,2026-02-11 04:33:02,BTCUSDT,Buy,0.72839516,,68444.6,67665.3,0.001,946f8074-eff5-4bd4-b753-9719b8e8b9f1,
1770785342901,2026-02-11 04:49:02,BNBUSDT,Buy,0.21008537,,615.4,612.2,0.08,3e463746-73b9-4739-9cae-f2fc5ec5a211,
1770785822535,2026-02-11 04:57:02,BTCUSDT,Buy,-0.03348507,,67592.7,67575.5,0.001,c9d417e1-f3ef-41c2-a09b-b810904860bc,
1770785924752,2026-02-11 04:58:44,ETHUSDT,Buy,0.06881292,,1976.08,1971.16,0.02,9cc80d38-af30-44cf-be07-65c78670b4e4,
1770787301250,2026-02-11 05:21:41,LINKUSDT,Buy,-0.07817442,,8.407,8.411,5.9,7af983df-a5f8-465a-abd8-eee69a5d5cde,
1770790572649,2026-02-11 06:16:12,ETHUSDT,Buy,0.48680986,,1978.27,1952.46,0.02,4ef389e0-5483-43e5-844e-5e89185c834d,
1770790610293,2026-02-11 06:16:50,XRPUSDT,Buy,0.7469061,,1.3839,1.3617,36.1,e922cc9a-96dc-4216-9822-2b6d06d0ff38,
1770790618556,2026-02-11 06:16:58,BTCUSDT,Buy,0.58768142,,67559.3,66921.3,0.001,4548d25b-b2b9-4994-9b21-fd5f37abd34d,
1770790618862,2026-02-11 06:16:58,SOLUSDT,Buy,0.6902364,,82.08,80.84,0.6,b6beeee0-830e-4436-a00a-f2fbeca317aa,
1770790621620,2026-02-11 06:17:01,BNBUSDT,Buy,0.843836,,610.8,599.8,0.08,872348b8-e113-4ca4-b0e6-76d7d7990d13,
1770792921570,2026-02-11 06:55:21,BTCUSDT,Buy,0.28016019,,67095.3,66765,0.001,a00bc0d1-65e0-4d00-a797-b421674d8a62,
1770792924628,2026-02-11 06:55:24,ETHUSDT,Buy,-0.00371386,,1951.61,1949.65,0.02,14cee33f-d472-41fd-9f74-efa9384c39b8,
1770793507331,2026-02-11 07:05:07,XRPUSDT,Buy,0.28306514,,1.3711,1.3623,36.4,e17930eb-7a17-4ad3-8292-8bdcd9e46aed,
1770794374735,2026-02-11 07:19:34,ETHUSDT,Buy,-0.12630583,,1948.18,1952.35,0.02,00796d9e-992c-44f7-860c-e2accc75434a,
1770794676799,2026-02-11 07:24:36,SOLUSDT,Buy,0.1557051,,80.89,80.57,0.6,0b73bbe7-c9ea-4b6e-b5b5-5e4ceff99936,
1770795283081,2026-02-11 07:34:43,AVAXUSDT,Buy,-0.17654302,,8.567,8.591,5.8,8a4902a2-41ed-4e04-9fd0-0cbe36d87835,
1770797466696,2026-02-11 08:11:06,ETHUSDT,Buy,0.12099429,,1955.11,1947.51,0.02,4c3d52e9-884d-4605-bdbd-173ff6d2b836,
1770797487209,2026-02-11 08:11:27,XRPUSDT,Buy,-0.08493614,,1.364,1.3648,36.6,2e06155f-0c1d-4b85-bd8e-f9e1c4405c76,
1770798976110,2026-02-11 08:36:16,AVAXUSDT,Buy,-0.10105804,,8.557,8.568,5.8,87372998-f3ca-4cf9-af97-38cc632296a4,
1770800525642,2026-02-11 09:02:05,ETHUSDT,Buy,-0.04807444,,1950.94,1951.88,0.02,a2a8eaeb-245f-4d9e-aa04-68b5ca5760d9,
1770800534523,2026-02-11 09:02:14,LINKUSDT,Buy,-0.0793146,,8.287,8.294,6,b210dc86-cc3e-4653-9184-f0f0b35f3f46,
1770802262896,2026-02-11 09:31:02,ADAUSDT,Buy,-0.1529241,,0.2545,0.255,196,3a7f9370-9a68-45fa-95b2-98a375c92ac5,
1770802262896,2026-02-11 09:31:02,DOGEUSDT,Buy,0.3152613,,0.09101,0.09033,549,2732db03-4f72-4c0d-bf6d-1681eefb493c,
1770804681629,2026-02-11 10:11:21,SOLUSDT,Buy,-0.0243579,,80.81,80.79,0.6,bcd03c49-eddf-4782-8ecf-361f6371fd52,
1770804738259,2026-02-11 10:12:18,XRPUSDT,Buy,-0.05229447,,1.3611,1.3615,36.8,95196c79-67f3-4081-8586-c54d48fdb4fb,
1770804745603,2026-02-11 10:12:25,ETHUSDT,Buy,0.04743413,,1947.2,1943.37,0.02,10e29763-0a59-4738-810b-071c63dddec9,
1770805683368,2026-02-11 10:28:03,BTCUSDT,Buy,-0.20212967,,66713.1,66837.6,0.001,86b5c7d0-cc09-45c2-9bad-2655e3178057,
1770806550221,2026-02-11 10:42:30,XRPUSDT,Buy,0.04401607,,1.3626,1.3599,36.6,1b16a823-706e-4273-87b5-8d3ba5ed64fa,
1770807061408,2026-02-11 10:51:01,LINKUSDT,Buy,0.0829995,,8.237,8.217,6,135ea85c-cc26-4b2b-9efe-dd5e1e7ae8a1,
1770807066921,2026-02-11 10:51:06,ADAUSDT,Buy,0.04359904,,0.2536,0.2531,197,1a641f09-c35a-48f4-a1a6-5d889014b8d5,
1770808735188,2026-02-11 11:18:55,XRPUSDT,Buy,-0.14647304,,1.3642,1.3667,36.6,70fccfea-6ed2-4d0b-8a2e-5f4ac1bdfe7f,
1770810731127,2026-02-11 11:52:11,DOGEUSDT,Buy,-0.10968132,,0.09007,0.0902,555,7df05e8e-bf2d-42bd-a2a8-9b4bd686b10d,
1770811677201,2026-02-11 12:07:57,XRPUSDT,Buy,-0.16019975,,1.3742,1.3771,36.3,69da161a-fb5a-4f21-ba81-ba3caa713a87,
1770812449717,2026-02-11 12:20:49,SOLUSDT,Buy,-0.0485241,,81.15,81.17,0.6,5b2b8446-dd40-43c4-8254-6fd1d8d56663,
1770816098466,2026-02-11 13:21:38,XRPUSDT,Buy,0.1017032,,1.3712,1.3669,36.4,f47b1d91-ba96-438d-ac59-7259fd200de2,
1770816603782,2026-02-11 13:30:03,ADAUSDT,Buy,-0.19212411,,0.2544,0.2551,196,ce850c39-1f98-4fed-89b1-6d50761b15ad,
1770816788481,2026-02-11 13:33:08,TRXUSDT,Buy,-0.18961289,,0.27402,0.27476,182,18c9c42d-09c9-4a42-be38-319a1bbfcc6e,
1770816790626,2026-02-11 13:33:10,BTCUSDT,Buy,-1.10672589,,66593.3,67649.5,0.001,42537e96-9690-4c43-b661-7bec43238075,
1770818124192,2026-02-11 13:55:24,XRPUSDT,Buy,0.06837434,,1.3711,1.3682,36.5,da10a134-f120-4a85-8970-9367a0cf34b6,
1770818431901,2026-02-11 14:00:31,DOGEUSDT,Buy,-0.13189361,,0.09007,0.09024,555,ed915c53-0ab1-45d4-9ef4-ec70ba084c88,
1770818600634,2026-02-11 14:03:20,ETHUSDT,Buy,-0.65405613,,1940.84,1972.07,0.02,0b7b7db9-f13a-4c3c-b869-502d683e3b8c,
1770818849895,2026-02-11 14:07:29,SOLUSDT,Buy,-0.7918659,,81,82.23,0.6,3bf53c12-98a4-4634-a349-eb05794afd59,
1770819021968,2026-02-11 14:10:21,DOGEUSDT,Buy,-0.81301804,,0.09026985,0.09164,553,ceed680e-359f-4bd1-bef9-02a0848cc017,
1770820478253,2026-02-11 14:34:38,AVAXUSDT,Sell,-0.82626432,,8.833,8.692,5.6,48dabe9a-be54-42b5-8c82-f111b953fa39,
1770822357581,2026-02-11 15:05:57,ETHUSDT,Buy,0.01024531,,1944.72,1942.07,0.02,e80f345d-978a-49e4-ae71-0cd60b967370,
1770822367380,2026-02-11 15:06:07,XRPUSDT,Buy,-0.0220129,,1.3654,1.3645,36.6,31d44d3d-613c-4448-ace2-4e6613d16c02,
1770822367381,2026-02-11 15:06:07,BTCUSDT,Buy,0.00016727,,66611.9,66538.5,0.001,9403d986-5451-4efb-9e6a-c895ddc9f407,
1770822367686,2026-02-11 15:06:07,SOLUSDT,Buy,0.1032,,80.13,79.87,0.6,4c52a546-9c53-435c-90ca-21fb09ab4c51,
1770822620656,2026-02-11 15:10:20,ADAUSDT,Buy,0.47464238,,0.2544,0.2517,196,8124fc68-d52f-4c22-94ca-ea82aa6b9454,
1770823062257,2026-02-11 15:17:42,LINKUSDT,Buy,-0.10982471,,8.181,8.19,6.1,9221955a-8da2-457a-9557-aca1c52e1c72,
1770823062563,2026-02-11 15:17:42,BTCUSDT,Buy,-0.12585412,,66016.2,66092.5,0.001,db51e641-c927-4302-aef4-811828654fbd,
1770823069302,2026-02-11 15:17:49,XRPUSDT,Buy,-0.09547381,,1.3516,1.3527,36.9,114c31b8-23d2-4ac4-ad64-f091f1d6a93e,
1770823069914,2026-02-11 15:17:49,BNBUSDT,Buy,-0.18515155,,591.8,593.4625,0.08,cfc8e047-c886-4366-87c8-55017ce7f535,
1770824102237,2026-02-11 15:35:02,XRPUSDT,Buy,-0.06598221,,1.3527,1.353,36.9,6915b664-9c94-4219-977e-ac0009863a1e,
1770824116633,2026-02-11 15:35:16,ADAUSDT,Buy,-0.13399848,,0.2514,0.2518,198,e04bc847-5b77-439b-9687-088da4bd5036,
1770824117551,2026-02-11 15:35:17,ETHUSDT,Buy,-0.10817827,,1924.64,1927.93,0.02,7107a411-5cc0-404e-beec-7fea31b3816d,
1770824163485,2026-02-11 15:36:03,BTCUSDT,Buy,-0.2081262,,66319.9,66455,0.001,c2987c0f-74c0-477f-a262-e3fd697438b2,
1770825107772,2026-02-11 15:51:47,ADAUSDT,Buy,0.22116993,,0.2528,0.2514,197,509bd23c-effc-4d5b-b7f8-c32cef9fd098,
1770826862741,2026-02-11 16:21:02,SOLUSDT,Buy,-0.7682316,,79.62,80.84,0.6,91f957a7-8021-4201-8989-daf3afe62278,
1770828011673,2026-02-11 16:40:11,ETHUSDT,Buy,0.0407851,,1930.03,1925.87,0.02,91ffcf28-6ec2-46e2-8b05-b1409f7d110d,
1770828030346,2026-02-11 16:40:30,BTCUSDT,Buy,0.01413316,,66468,66380.8,0.001,bfc9c117-3cab-4817-b44b-6bced5f28d01,
1770829473473,2026-02-11 17:04:33,XRPUSDT,Buy,0.10020783,,1.3515,1.3473,36.9,227a1bb2-e5bf-40e4-aaeb-565aed017a6d,
1770829756662,2026-02-11 17:09:16,ETHUSDT,Buy,-0.06014572,,1915.23,1916.8,0.02,8a3a5f2e-5511-4e27-ba28-3ecd1944708d,
1770829865367,2026-02-11 17:11:05,LINKUSDT,Buy,0.43027376,,8.257,8.179,6,bde28cde-1ca7-4392-8825-288aa329df6c,
1770830183753,2026-02-11 17:16:23,SOLUSDT,Buy,-0.1794582,,78.62,78.86,0.6,8a60bf0e-9b78-4751-a5af-6a353fa81f8c,
1770833602483,2026-02-11 18:13:22,ETHUSDT,Buy,0.16101644,,1931.61,1921.44,0.02,b0066822-24ad-4b81-b16d-d8a1e4507ee7,
1770833608296,2026-02-11 18:13:28,LINKUSDT,Buy,0.1369842,,8.247,8.218,6,e10105c1-4a12-4133-b8c5-ef150aa03764,
1770833703833,2026-02-11 18:15:03,SOLUSDT,Buy,0.15186,,79.17,78.83,0.6,a4ed2916-2e22-4781-81bf-9a997ac955f9,
1770834493614,2026-02-11 18:28:13,BTCUSDT,Buy,-1.02568338,,66062.4,67038,0.001,b1aecee1-7945-4b59-8e88-3d9c19f299d9,
1770866530324,2026-02-12 03:22:10,TRXUSDT,Sell,-0.1317722,,0.27854,0.27811,179,408edca6-9a7e-4616-8124-a730aaff0328,
1770878550753,2026-02-12 06:42:30,BNBUSDT,Sell,-0.1089624,,616.7,615.8,0.08,08ad1583-155b-4879-8d7b-27575616badf,
1770889231399,2026-02-12 09:40:31,XRPUSDT,Sell,-0.00077344,,1.3873,1.3888,28.8,da54f654-8f8c-4613-b4f7-e4f09bd6a73c,
1770890082335,2026-02-12 09:54:42,TRXUSDT,Sell,-0.15292455,,0.27881,0.27829,179,1f8f76ce-cacd-4c11-945e-c8e8f34e60f9,
1770890257125,2026-02-12 09:57:37,AVAXUSDT,Sell,-0.03162768,,8.863,8.864,5.6,210bacc4-0bba-4cc3-af6a-765f4f219386,
1770890257431,2026-02-12 09:57:37,LINKUSDT,Sell,0.04574451,,8.483,8.498,5.8,1a06323c-39be-4ba6-86dd-3c7c1c4f6e99,
1770892867836,2026-02-12 10:41:07,ADAUSDT,Sell,-0.12949565,,0.2661,0.2657,187,580099f9-5764-453e-829e-3c349b7cbf73,
1770894392122,2026-02-12 11:06:32,AVAXUSDT,Sell,0.25870823,,8.883,8.939,5.6,660fb1af-124e-4736-a475-0b56243509ac,
1770897816601,2026-02-12 12:03:36,BTCUSDT,Sell,-0.1320626,,68009.6,67928.5,0.001,a7909102-8f42-4ce0-a7d1-f9a4510aa2a0,
1770907552438,2026-02-12 14:45:52,XRPUSDT,Sell,-0.81770329,,1.4052,1.3837,35.5,eed6764f-5f4c-4141-8f9e-f66d1597f579,
1770908683154,2026-02-12 15:04:43,AVAXUSDT,Sell,-0.16620576,,8.923,8.9,5.6,cdcc5911-6b41-49ef-91c6-7f327bab24de,
1770908686523,2026-02-12 15:04:46,LINKUSDT,Sell,-0.81411613,,8.579,8.448,5.8,ec9b0a8d-1f9c-44fd-a3d5-1a0f4a4241d9,
1770908686828,2026-02-12 15:04:46,BNBUSDT,Sell,-0.8300804,,619.4,609.7,0.08,63b8796f-ae0d-42d2-a4aa-d01ca31f8aea,
1770909765544,2026-02-12 15:22:45,ETHUSDT,Buy,-0.13679424,,1970.13,1974.8,0.02,1695b66c-b434-4bdf-9f36-377503fde49d,
1770911157401,2026-02-12 15:45:57,BTCUSDT,Buy,-0.02384208,,67518,67467.6,0.001,01ed14be-2264-4de2-aba5-30807cb532f3,
1770911383658,2026-02-12 15:49:43,SOLUSDT,Buy,-0.1013412,,80.78,80.86,0.6,7db7cdaf-dfa0-401e-9ca1-f3dc1b02f2e6,
1770911385495,2026-02-12 15:49:45,ETHUSDT,Buy,-0.04508833,,1958.51,1958.61,0.02,8c42d689-c3d3-459e-94cd-85fe43f9e241,
1770912299517,2026-02-12 16:04:59,BTCUSDT,Buy,-0.08319916,,67176.4,67185.7,0.001,9fcd4359-ce50-4799-8023-45cb3d222a72,
1770913032371,2026-02-12 16:17:12,XRPUSDT,Buy,0.87017526,,1.385,1.3594,36.1,5bf82164-385d-4701-986a-afa64b0731fe,
1770913445489,2026-02-12 16:24:05,ETHUSDT,Buy,-0.02518812,,1919.34,1919.16,0.02,0e60c78a-1d43-4772-a0f9-b00947d79a83,
1770913446714,2026-02-12 16:24:06,ADAUSDT,Buy,0.09700506,,0.2602,0.2595,192,bfd6e954-2263-403d-8115-082b050c411e,
1770913447632,2026-02-12 16:24:07,BTCUSDT,Buy,0.09915137,,66574.1,66425.1,0.001,155d4bd5-2df9-4f1c-bf0f-b11aebd5f8e3,
1770914069285,2026-02-12 16:34:29,AVAXUSDT,Buy,-0.13971356,,8.639,8.654,5.7,7b3bcb1c-02c2-482c-9a48-38433b09b8f2,
1770914070204,2026-02-12 16:34:30,XRPUSDT,Buy,-0.128763,,1.3531,1.3551,36.9,a5ae00c3-3761-443b-beab-21b5188833d4,
1770914070512,2026-02-12 16:34:30,LINKUSDT,Buy,-0.11413321,,8.197,8.207,6,e0adb745-bb32-4613-97fc-e64ae89ad11d,
1770914101149,2026-02-12 16:35:01,DOGEUSDT,Buy,-0.1742669,,0.09136,0.09157798,547,5cd1d42a-3fe5-4074-8541-61d4f8ec96de,
1770914101760,2026-02-12 16:35:01,SOLUSDT,Buy,-0.2318826,,78.46,78.76,0.6,4c1a8a27-6406-4a24-828d-d4e32232fc8a,
1770916037342,2026-02-12 17:07:17,BTCUSDT,Buy,-0.15977142,,65747.6,65858,0.001,faa1a727-f39b-4ddb-8838-b2f218afa6cd,
1770916038261,2026-02-12 17:07:18,XRPUSDT,Buy,-0.03008896,,1.3511,1.3509,37,c4550c86-ea6b-4930-bbef-e4d08fab6d61,
1770916445484,2026-02-12 17:14:05,ETHUSDT,Buy,-0.06977149,,1907.1,1908.49,0.02,807c026a-e52f-4fe0-a726-965cf2bd3148,
1770916838301,2026-02-12 17:20:38,AVAXUSDT,Buy,-0.05990673,,8.677,8.681,5.7,ceec9e69-7a59-4328-8333-f9c5624e4754,
1770916852697,2026-02-12 17:20:52,BNBUSDT,Buy,-0.1243544,,605.1,606.2,0.08,9a091c91-2ea3-448d-962c-c0188f6dcf1d,
1770917876779,2026-02-12 17:37:56,ADAUSDT,Buy,-0.15352764,,0.2602,0.2608,193,9b2753a8-0804-47ba-8d86-7fa45668ad0e,
1770919356075,2026-02-12 18:02:36,DOGEUSDT,Buy,-0.13141292,,0.09146,0.0916,546,16f7359f-3fed-4565-ad0a-6a844b871d7f,
1770920543634,2026-02-12 18:22:23,ETHUSDT,Buy,0.00997528,,1909.73,1907.8,0.02,ae42e2c9-0c21-49df-a074-f790ea9f0404,
1770920619550,2026-02-12 18:23:39,BTCUSDT,Buy,-0.04846327,,65432.9,65409.4,0.001,d7ff2976-547a-48e4-b769-a61af0294147,
1770920673738,2026-02-12 18:24:33,SOLUSDT,Buy,0.0550125,,77.86,77.71,0.6,1513df2e-fab5-4004-916d-d476452dabe9,
1770922026272,2026-02-12 18:47:06,XRPUSDT,Buy,-0.07458874,,1.3611,1.3621,36.9,3d9d3227-4fd8-49dd-bcb4-b2a6dad132d3,
1770923652852,2026-02-12 19:14:12,SOLUSDT,Buy,0.0928104,,77.68,77.44,0.6,37c8fbc2-4bb4-4b42-a9d2-d18c044acd58,
1770923653465,2026-02-12 19:14:13,XRPUSDT,Buy,0.09890196,,1.3637,1.3595,36.6,f5c7657c-58c1-4951-b852-ed7e5bf31ea4,
1770923654688,2026-02-12 19:14:14,ETHUSDT,Buy,0.02161992,,1920.52,1918,0.02,ca4e7a04-ef98-47ec-8267-2c8b4a43538a,
1770923894068,2026-02-12 19:18:14,DOGEUSDT,Buy,-0.12618224,,0.09108,0.09121,548,6bebff7f-e4ab-42b4-b33e-3d4c1bf3ea62,
1770924011614,2026-02-12 19:20:11,BTCUSDT,Buy,-0.21,,65476.5,65614.4,0.001,a3de7451-832b-4489-ba7a-8343e1b799c4,
1770924163153,2026-02-12 19:22:43,AVAXUSDT,Buy,-0.80127153,,8.667,8.801,5.7,3ee790a0-f36c-4468-9202-ed49f67964cd,
1770925010886,2026-02-12 19:36:50,ADAUSDT,Buy,-0.78668064,,0.2602,0.2641,192,370ad872-da19-4ae3-bb19-fad27033f84f,
1770926158808,2026-02-12 19:55:58,SOLUSDT,Buy,0.2090117,,78.05,77.64333334,0.6,582e4126-12c9-4dbf-bcbb-4664a852a042,
1770926691695,2026-02-12 20:04:51,ETHUSDT,Buy,0.0640419,,1933.95,1929.3,0.02,16e00b9c-5b61-4b03-9265-28a908e7223d,
1770926752623,2026-02-12 20:05:52,BTCUSDT,Buy,-0.17883512,,65818.6,65948,0.001,36c954f9-1d52-4c3e-9bf2-caa552af1f33,
1770927297491,2026-02-12 20:14:57,LINKUSDT,Buy,0.08263948,,8.317,8.297,6,a848dd27-8c81-4c03-b0cb-f56cf8eb0f8d,
1770928570602,2026-02-12 20:36:10,BTCUSDT,Buy,0.11009176,,65727.8,65568.5,0.001,d96f1b36-9af5-4dd6-b075-fbc68bef90ed,
1770928797418,2026-02-12 20:39:57,XRPUSDT,Buy,0.06579178,,1.3639,1.36015632,29.3,d0d46c54-9eb3-4ccc-9d0e-0f0b53f1119b,
1770930156898,2026-02-12 21:02:36,BNBUSDT,Buy,0.17463605,,608,605.3625,0.08,d938eb14-1fba-422b-a703-f12d046c8408,
1770930251479,2026-02-12 21:04:11,ETHUSDT,Buy,-0.07638463,,1917.23,1919.61,0.02,396fe4c7-997b-4882-b546-ac25b520a5d5,
1770931119917,2026-02-12 21:18:39,ADAUSDT,Buy,0.14022981,,0.26072041,0.2597,191,8e2d0033-a6e3-41ce-ae85-3bfa7a6703c9,
1770932039398,2026-02-12 21:33:59,LINKUSDT,Buy,-0.04920811,,8.267,8.269,6,ea84f04b-fad5-4151-8902-ab2c05ca8f69,
1770932057778,2026-02-12 21:34:17,SOLUSDT,Buy,-0.1067976,,77.24,77.36,0.6,5aa523de-9a90-4e2b-b9e2-fb7cacb841da,
1770935099469,2026-02-12 22:24:59,LINKUSDT,Buy,0.052713,,8.297,8.282,6,fd977116-62ec-4fb7-ab1a-a21e2f8b7b8f,
1770936223640,2026-02-12 22:43:43,SOLUSDT,Buy,-0.0228324,,77.42,77.4,0.6,690a6d8e-e1db-4b36-a47d-da7c0aaad47b,
1770940893459,2026-02-13 00:01:33,XRPUSDT,Buy,-0.15804466,,1.3623,1.3651,36.7,f1f87d80-222b-4cad-b4b5-06da6b799b03,
1770941149392,2026-02-13 00:05:49,BTCUSDT,Buy,-1.03365689,,65484.9,66469,0.001,26e4d6b2-0b9f-41bd-b41d-edba4dd23ea5,
1770942970611,2026-02-13 00:36:10,SOLUSDT,Buy,-0.0350685,,77.93,77.93,0.6,723e6706-cc2c-4f07-8a01-ff0b91d4f996,
1770943181498,2026-02-13 00:39:41,ETHUSDT,Buy,-0.03560751,,1936.88,1936.53,0.02,77fb39ed-f541-4b0a-adeb-fd4420058596,
1770943253417,2026-02-13 00:40:53,BTCUSDT,Buy,-0.08606958,,66066,66102.5,0.001,2f2b4374-2871-471b-9580-6d28c1ba4834,
1770944111045,2026-02-13 00:55:11,DOGEUSDT,Buy,-0.15260121,,0.09223,0.09241,542,624312c2-4179-4e84-9194-cc4b4a41088b,
1770952465539,2026-02-13 03:14:25,TRXUSDT,Sell,-0.14943208,,0.27918,0.27868,179,ebb84511-9ab2-470a-ade9-bb54defa8299,
1770960928396,2026-02-13 05:35:28,BTCUSDT,Buy,-0.05910407,,66398.6,66407.9,0.001,f76a1eec-4576-41d5-802b-186d82d092ec,
1770964445731,2026-02-13 06:34:05,BNBUSDT,Buy,0.684228,,602.8,593.8,0.08,ebd68ee4-1791-4951-8cd4-51514b213f7b,
1770965191720,2026-02-13 06:46:31,ETHUSDT,Buy,0.0482296,,1934.19,1930.33,0.02,8d4468ba-5b16-4fc8-9279-d2822377f065,
1770965784943,2026-02-13 06:56:24,DOGEUSDT,Buy,-0.11170877,,0.09223,0.0923346,542,a02f120c-6a93-43ea-9302-685a6ef9b5ca,
1770972497716,2026-02-13 08:48:17,ADAUSDT,Buy,-0.79165645,,0.2602,0.2641,193,453f91a8-9961-4445-8328-88fcab99210d,
1770980338733,2026-02-13 10:58:58,SOLUSDT,Sell,0.1378908,,80.03,80.32,0.6,fb0e0d23-ce02-42e1-b0aa-a50d3fdffd7d,
1770989576250,2026-02-13 13:32:56,LINKUSDT,Sell,0.01216818,,8.453,8.46140677,5.9,a2374810-56b5-43d8-813a-b7ca50c5d14c,
1770991455553,2026-02-13 14:04:15,BTCUSDT,Sell,-0.08306874,,67158,67148.8,0.001,13389338-2ada-4513-938b-e836460e1c5a,
1770992395901,2026-02-13 14:19:55,BNBUSDT,Buy,-0.14379744,,595.9,597.2,0.08,2c67af53-c22c-4721-a171-6cd2eebb589f,
1770993232234,2026-02-13 14:33:52,XRPUSDT,Sell,-0.08456778,,1.379,1.3776,29,ce31a753-5035-4333-ba0a-b94a26bde919,
1770993232847,2026-02-13 14:33:52,SOLUSDT,Sell,0.0417141,,80.54,80.67,0.6,03f52692-421a-488b-938a-1657956d5ffd,
1770993258263,2026-02-13 14:34:18,AVAXUSDT,Buy,-0.8780702,,8.834,8.981,5.6,b38d6887-a0b2-4a2d-b29d-4aa87da6ab0a,
1770993837611,2026-02-13 14:43:57,BNBUSDT,Buy,0.0033452,,598.7,598,0.08,cbfc4d60-fc5e-468c-ab10-dda84a6bc916,
1770994216406,2026-02-13 14:50:16,XRPUSDT,Sell,-0.09480459,,1.3889,1.3873,35.9,3119ae68-7db2-4d0f-bc57-22522faa9041,
1770994216710,2026-02-13 14:50:16,ETHUSDT,Sell,0.00011264,,1991.39,1992.89,0.02,3eeac332-44b3-438d-87af-d8f1db6e51cb,
1770994429521,2026-02-13 14:53:49,BTCUSDT,Sell,0.03546241,,67586.9,67673.1,0.001,f77efa45-33b3-46c8-b60e-87d644631a2a,
1770995042473,2026-02-13 15:04:02,XRPUSDT,Sell,-0.05858255,,1.3844,1.3843,36.1,be418faf-126b-4d57-9f48-e3c5c3b84e53,
1770996121526,2026-02-13 15:22:01,ETHUSDT,Sell,-0.09318588,,2018.76,2016.32,0.02,14be11d8-9594-4e31-a7d7-8b8d8a3346e2,
1770996892842,2026-02-13 15:34:52,SOLUSDT,Sell,0.8331474,,82.37,83.85,0.6,57ccbcb4-2bcc-4d3d-9f77-07eec6e7a589,
1770996918264,2026-02-13 15:35:18,XRPUSDT,Sell,0.44952001,,1.3962,1.4103,35.8,17583b28-14cf-4dcb-ac34-6d2f10659a04,
1770996921633,2026-02-13 15:35:21,BTCUSDT,Sell,0.49017614,,68375.2,68940.9,0.001,6715c656-5da1-4d8a-9b4b-a83953fcf970,
1770997744679,2026-02-13 15:49:04,ETHUSDT,Sell,-0.1206182,,2030,2026.2,0.02,e5b40758-e098-4d0c-80be-789c482a662d,
1770997754479,2026-02-13 15:49:14,XRPUSDT,Sell,-0.1649055,,1.4063,1.4032,35.5,50781729-d19c-4a5b-b187-9b49171eb735,
1770998218567,2026-02-13 15:56:58,BTCUSDT,Sell,-0.20398223,,68593.6,68465,0.001,b9588f5f-b8b0-4ba0-b17c-ceb24f48b7e0,
1770998576524,2026-02-13 16:02:56,LINKUSDT,Sell,-0.0887114,,8.697,8.691,5.7,fdabc0ce-e712-4edb-9c97-d93ead6336d9,
1770999648088,2026-02-13 16:20:48,AVAXUSDT,Sell,0.21038859,,9.102,9.151,5.4,06b61113-0d4b-40ea-8922-27e38179f419,
1770999661561,2026-02-13 16:21:01,BTCUSDT,Sell,-0.19267238,,68999.9,68858.9,0.001,ed76dbaa-798c-4d9b-bdbd-e39371f4c8f5,
1771000365740,2026-02-13 16:32:45,ETHUSDT,Sell,0.23396492,,2049.16,2063.12,0.02,5768b4df-e8ef-42cf-b254-0921357dfe9a,
1771000447809,2026-02-13 16:34:07,SOLUSDT,Sell,0.33332925,,83.92,84.65,0.5,d6e64c65-53d7-41d0-a0a5-20b3e20858d0,
1771000483632,2026-02-13 16:34:43,BTCUSDT,Sell,0.16187386,,68944.8,69158.5,0.001,3a53de0b-a3b9-4586-acbf-5cde8f79bbda,
1771000673764,2026-02-13 16:37:53,ADAUSDT,Sell,0.49883788,,0.2697,0.2727,185,b4c1c017-e13f-48d5-9e67-f7e71c8b8f8b,
1771001884264,2026-02-13 16:58:04,XRPUSDT,Sell,-0.07944939,,1.4189,1.4177,35.1,3fbd22d8-633e-4b2a-b810-ccc55c8376af,
1771001920086,2026-02-13 16:58:40,DOGEUSDT,Sell,-0.1222887,,0.0965,0.09637,518,cb964ffa-9d84-427d-b706-fba1c08f789c,
1771001923151,2026-02-13 16:58:43,AVAXUSDT,Sell,-0.12902166,,9.203,9.186,5.4,bec66716-2250-46da-9022-5ff3055c67d4,
1771005663118,2026-02-13 18:01:03,DOGEUSDT,Sell,-0.08604917,,0.09621,0.09615,519,ef3eb401-dc20-4809-8fe5-5ac1d0c13245,
1771008533417,2026-02-13 18:48:53,BTCUSDT,Sell,-0.05455997,,69148.6,69145.9,0.001,2b256fbf-d935-40b1-910a-e1e87a5e3d30,
1771009139780,2026-02-13 18:58:59,SOLUSDT,Sell,0.3931275,,84.37,85.22,0.5,5bdf183e-f43b-4116-9087-653eb5377e92,
1771010982119,2026-02-13 19:29:42,AVAXUSDT,Sell,-0.08547476,,9.18,9.167,4.3,45e2fce5-d076-4d6a-89e8-d0bb279faa46,
1771011001099,2026-02-13 19:30:01,DOGEUSDT,Sell,-0.1542303,,0.09656221,0.09637,517,032c12b1-d0ae-4ca4-9981-f997685f7b32,
1771011709390,2026-02-13 19:41:49,LINKUSDT,Sell,-0.10964856,,8.783,8.77,5.6,9fa51e17-9eec-464e-8585-1e0a3c1caabb,
1771011737858,2026-02-13 19:42:17,BNBUSDT,Sell,-0.1410168,,617.9,616.6,0.08,473b6a36-d824-4be5-9cbd-7f809773a475,
1771018253802,2026-02-13 21:30:53,SOLUSDT,Sell,-0.11680575,,84.94,84.77,0.5,4040edc3-12c6-4c8b-8971-52b381112af2,
1771020866286,2026-02-13 22:14:26,AVAXUSDT,Sell,-0.04270968,,9.213,9.212,5.4,671dc534-2bda-4132-a336-71a44e52f374,
1771021271516,2026-02-13 22:21:11,TRXUSDT,Sell,0.25303277,,0.27956,0.28129,178,7588a940-4301-4403-9a24-a03af3952d46,
1771030809349,2026-02-14 01:00:09,LINKUSDT,Sell,-0.09497328,,8.823,8.813,5.6,0a14cb3d-d0de-42c6-a7df-b0cfdaad7643,
1771030981043,2026-02-14 01:03:01,AVAXUSDT,Sell,-0.09070002,,9.183,9.174,5.4,53a7c608-83ab-4474-ab8a-c4c5839dffab,
1771032312296,2026-02-14 01:25:12,LINKUSDT,Sell,-0.11025112,,8.812,8.802,5.6,69398fe9-966f-45aa-b618-97aeb5984848,
1771032619245,2026-02-14 01:30:19,AVAXUSDT,Sell,-0.11747361,,9.17851163,9.16127906,4.3,7fcd4219-548d-4ee5-954b-5d811c862f03,
1771032792774,2026-02-14 01:33:12,ADAUSDT,Sell,-0.0729421,,0.2755,0.2754,181,660eb75a-967b-495d-ae32-bfaeb79f2581,
1771034049711,2026-02-14 01:54:09,ADAUSDT,Sell,-0.14467771,,0.2764,0.2759,180,029302bd-6663-4ad2-8fc4-ae26efe7d848,
1771035643887,2026-02-14 02:20:43,DOGEUSDT,Sell,-0.15708313,,0.09652,0.09633,518,a5cfb0a7-5305-4179-9949-6e06242c92e3,
1771039317872,2026-02-14 03:21:57,ADAUSDT,Sell,-0.12729188,,0.2759,0.2755,181,a3f37f9e-1869-439a-866f-6d4cdbbf86c7,
1771042231722,2026-02-14 04:10:31,ADAUSDT,Sell,-0.1448163,,0.2771,0.2766,180,524c6a4a-a774-4978-93eb-7841ef5668ec,
1771042921794,2026-02-14 04:22:01,SOLUSDT,Sell,-0.08681475,,84.92,84.81,0.5,33a628d8-8eab-425d-8d4c-dcc996375401,
1771045356717,2026-02-14 05:02:36,ETHUSDT,Sell,-0.11117133,,2054.37,2050.35,0.02,23f985f4-e62e-4ae2-bc73-407bdaabdef4,
1771047134294,2026-02-14 05:32:14,LINKUSDT,Sell,-0.14916302,,8.863,8.843,5.6,af8c4781-922f-45c3-9b61-31d90b024e7e,
1771056489357,2026-02-14 08:08:09,XRPUSDT,Sell,0.22322963,,1.4183,1.4262,35.2,8c676ffc-3187-4f9d-8946-f2df95a26487,
1771057270817,2026-02-14 08:21:10,ADAUSDT,Sell,0.15714058,,0.276,0.2772,181,4a641dd0-d5b5-44e6-85e5-6ddedea445a3,
1771059068446,2026-02-14 08:51:08,ETHUSDT,Sell,0.11947887,,2069.22,2076.75,0.02,f4276b61-1f1d-40dd-8e1c-db8f2c8e8b71,
1771060282719,2026-02-14 09:11:22,SOLUSDT,Sell,-0.0022515,,85.96,86.02,0.5,1a06db47-ff6f-4657-be12-3c1581582d50,
1771061280208,2026-02-14 09:28:00,XRPUSDT,Sell,-0.02706474,,1.4488,1.4491,34.4,ab2a0698-2b2c-454d-9e33-d1ef9f8aa4fe,
1771063224342,2026-02-14 10:00:24,LINKUSDT,Sell,-0.05896028,,8.963,8.959,5.5,e4bc3935-a0ba-429f-8526-9d2610ed16d3,
1771063294756,2026-02-14 10:01:34,BNBUSDT,Sell,0.5255108,,620,627.1,0.08,e4d57630-35a6-480e-aef2-15c97407f381,
1771064538873,2026-02-14 10:22:18,ADAUSDT,Sell,-0.16219727,,0.2786,0.278,179,3cf7e125-c28d-4d50-a497-f218add89950,
1771068353524,2026-02-14 11:25:53,ETHUSDT,Sell,0.43644276,,2073.33,2096.72,0.02,4d879fe9-dcfb-403d-b511-9aefc1084f02,
1771068783301,2026-02-14 11:33:03,AVAXUSDT,Sell,0.33192207,,9.253,9.32144444,5.4,b6529be0-53e4-4431-b972-0be34f6dfa76,
1771071439617,2026-02-14 12:17:19,SOLUSDT,Sell,0.11743875,,86.61,86.91,0.5,681df062-d95f-4dce-9925-4de197fcb6ca,
1771072251336,2026-02-14 12:30:51,BTCUSDT,Sell,0.09083835,,70110.3,70253.8,0.001,f034a4d1-fb0b-429e-9a33-69025fd37632,
1771072760085,2026-02-14 12:39:20,DOGEUSDT,Sell,0.61141867,,0.09824,0.09955,509,1e1b6965-c96c-4d05-8f58-39e2a5bb7dd1,
1771077205479,2026-02-14 13:53:25,ETHUSDT,Sell,-0.1120296,,2071.61,2067.56,0.02,9d4fe280-e7c3-4856-b76a-98cd3b52447e,
1771079039696,2026-02-14 14:23:59,SOLUSDT,Sell,0.0224985,,86.59,86.7,0.5,ea1529ad-bbe0-4171-86bf-3b77ec0b39de,
1771081215387,2026-02-14 15:00:15,XRPUSDT,Sell,-0.01410694,,1.4675,1.4687,34,58f95f2c-c776-4580-84f1-a984dd64649b,
1771082090529,2026-02-14 15:14:50,BTCUSDT,Sell,-0.12671723,,69677.6,69603.1,0.001,81572f97-f750-4530-8091-72e41ecfa667,
1771082122663,2026-02-14 15:15:22,ETHUSDT,Sell,0.11601998,,2073.27,2080.63,0.02,d41cd86b-45c6-4f40-8363-2cd85221b63b,
1771084959775,2026-02-14 16:02:39,SOLUSDT,Sell,-0.07524503,,87.31,87.22,0.5,36bd650f-b8a4-402f-8c54-3d74db5c6e4f,
1771088221712,2026-02-14 16:57:01,ADAUSDT,Sell,0.34497153,,0.2874,0.2897,174,2c30ac98-781b-4267-b8ad-bfdc8b8e44fe,
1771088602229,2026-02-14 17:03:22,AVAXUSDT,Sell,-0.00717488,,9.408,9.417,5.3,e958bba5-7ddd-4511-9933-f6294fd93e78,
1771088883878,2026-02-14 17:08:03,SOLUSDT,Sell,-0.017922,,87.77,87.8,0.5,0d16eaf2-4a6d-44c9-9e08-ef942f790a59,
1771090506904,2026-02-14 17:35:06,ADAUSDT,Sell,0.22047389,,0.2898,0.2913,172,8949f722-78ff-4af3-b4f0-7f3788eb57ac,
1771090570574,2026-02-14 17:36:10,BTCUSDT,Sell,-0.19907559,,69811.3,69670.6,0.001,a32eed85-e43f-4a13-91d1-4b84bbdf6ee1,
1771090571188,2026-02-14 17:36:11,AVAXUSDT,Sell,0.08434075,,9.432,9.455,5.3,74e37b67-6dff-48c0-8d6c-bea8fe397f33,
1771091919751,2026-02-14 17:58:39,ADAUSDT,Sell,-0.15771798,,0.2898,0.2891,172,3c192975-d134-4d0a-a26b-9713f9e2b0a4,
1771092964744,2026-02-14 18:16:04,SOLUSDT,Sell,-0.09295575,,87.97,87.85,0.5,e4662f69-76d5-4b4b-beb7-55b1724bada8,
1771093228887,2026-02-14 18:20:28,DOGEUSDT,Sell,0.33347937,,0.10546,0.10628,474,3b81c530-224d-4eb6-aa17-a84b58c2e327,
1771094223955,2026-02-14 18:37:03,DOGEUSDT,Sell,-0.14378488,,0.10667,0.10648,468,67a27392-8b20-4841-a19f-c8e13bc3e7e4,
1771095691311,2026-02-14 19:01:31,XRPUSDT,Sell,0.26945359,,1.4752,1.4848,33.8,414b695f-efdb-4595-a840-5609e532270e,
1771096514636,2026-02-14 19:15:14,SOLUSDT,Sell,-0.09324325,,87.76,87.67,0.5,d2017809-8ef9-4f5b-9cfc-fa382944f3ee,
1771096529327,2026-02-14 19:15:29,LINKUSDT,Sell,-0.07029855,,9.109,9.106,5.4,523f044a-b7b3-40f0-ade2-21882f55fdbd,
1771096951145,2026-02-14 19:22:31,DOGEUSDT,Sell,0.45846697,,0.10697,0.10807,467,5fafcfe1-9f56-4ead-88cf-76f17b924d96,
1771098037365,2026-02-14 19:40:37,XRPUSDT,Sell,-0.12173,,1.4961,1.4941,33.4,e5b0336a-a17b-45db-b487-5873d24e7339,
1771099379767,2026-02-14 20:02:59,ADAUSDT,Sell,0.34816656,,0.2966,0.299,168,1a2dbe2a-110e-490c-ada3-63f42d9fafe7,
1771099762056,2026-02-14 20:09:22,AVAXUSDT,Sell,0.29880812,,9.545,9.613,5.2,77ce5a74-9774-49bf-b320-10655f82a780,
1771099780115,2026-02-14 20:09:40,DOGEUSDT,Sell,-0.14248612,,0.10835,0.10816,461,a3518a15-4d9f-4f1e-b240-3252830fa2bd,
1771103311870,2026-02-14 21:08:31,DOGEUSDT,Sell,1.11736275,,0.10868,0.11123,460,71c90404-1785-4f17-abcc-56a0a4ae773b,
1771104151788,2026-02-14 21:22:31,SOLUSDT,Sell,-0.1384275,,88.14,87.96,0.5,9b1e8c48-b9ac-430c-817e-cc21ff33f138,
1771104222190,2026-02-14 21:23:42,XRPUSDT,Sell,-0.10399591,,1.4988,1.4968,33.3,be091268-2644-4da4-81d7-36fb6032b7b8,
1771104222496,2026-02-14 21:23:42,LINKUSDT,Sell,-0.13547278,,9.178,9.163,5.4,db255fb3-f6fd-4982-840c-9625660751f2,
1771104295041,2026-02-14 21:24:55,AVAXUSDT,Sell,-0.11004296,,9.621,9.61,5.1,cb87fa7b-43c5-4b4d-ad2d-d390b0f58825,
1771105092772,2026-02-14 21:38:12,ADAUSDT,Sell,-0.81790527,,0.2997,0.2951,166,a3ab25b3-7d20-4a30-b526-5b3174388276,
1771107386194,2026-02-14 22:16:26,AVAXUSDT,Sell,0.19062984,,9.632,9.68,5.1,d396cc63-6d0e-45f5-8177-c6387df6c04c,
1771107704220,2026-02-14 22:21:44,XRPUSDT,Sell,-0.07481515,,1.4973,1.4967,33.3,1ed0ecb9-3096-4bb8-8b2a-a9f4ae9a3c32,
1771108936066,2026-02-14 22:42:16,DOGEUSDT,Sell,1.26205301,,0.10991,0.11278,453,ca352287-182f-43c7-9164-2b5c26ab37c9,
1771109083867,2026-02-14 22:44:43,ADAUSDT,Sell,0.0291606,,0.2965,0.297,168,c3af1ae2-0d39-4b6f-8665-7b07e19d50a7,
1771109310651,2026-02-14 22:48:30,SOLUSDT,Sell,0.186864,,88.04,88.48,0.5,72bba115-a506-4468-9481-fc849654aa50,
1771109522096,2026-02-14 22:52:02,AVAXUSDT,Sell,-0.0930263,,9.662,9.651,5.1,a088f277-69c7-4708-883c-6da5ee1bf57b,
1771110236450,2026-02-14 23:03:56,XRPUSDT,Sell,-0.06718371,,1.4988,1.4979,33.2,8f3bad56-3a3c-4a38-af51-e69c3bea5fa7,
1771113210217,2026-02-14 23:53:30,XRPUSDT,Sell,-0.07384595,,1.5088,1.5077,33.1,b9cc39bf-9bf4-4dee-8805-7b8c7ba8a039,
1771114945315,2026-02-15 00:22:25,XRPUSDT,Sell,0.31982742,,1.5088,1.5196,33.1,22938e65-d690-4e34-9756-84e32b235584,
1771115006859,2026-02-15 00:23:26,ADAUSDT,Sell,0.06335725,,0.2952,0.2959,169,e0ec80ec-3a48-4c8d-af26-12c96b391492,
1771116051362,2026-02-15 00:40:51,LINKUSDT,Sell,-0.81234449,,9.173,9.03,5.4,00736149-5686-4287-840a-a1883a8778ab,
1771116662351,2026-02-15 00:51:02,XRPUSDT,Sell,-0.14044024,,1.5183,1.5157,32.9,d04a337d-9293-46f8-a38c-8e3092b458b5,
1771117108922,2026-02-15 00:58:28,ADAUSDT,Sell,0.07962528,,0.296,0.2968,168,b94d32c6-f260-4010-8de6-025dae8d941f,
1771117993882,2026-02-15 01:13:13,SOLUSDT,Sell,-0.04308765,,88.4,88.37,0.5,41891b68-058c-42cd-81b0-dd8214ecc4ed,
1771118407677,2026-02-15 01:20:07,ADAUSDT,Sell,-0.15564867,,0.2971,0.2965,168,bbce8028-d4d2-4c83-8d2d-21af749388e4,
1771118430019,2026-02-15 01:20:30,AVAXUSDT,Sell,-0.1413516,,9.592,9.572,5.2,3770dbed-9b56-4ffa-a2fd-19954ab90769,
1771119331858,2026-02-15 01:35:31,ADAUSDT,Sell,-0.17318698,,0.2956,0.2949,169,e94896c1-9853-4f00-ba61-c887114b98f7,
1771121305374,2026-02-15 02:08:25,XRPUSDT,Sell,-0.0892359,,1.5288,1.5272,32.5,877fba39-b652-40d6-b0c3-6cf52536d05f,
1771121305679,2026-02-15 02:08:25,ADAUSDT,Sell,-0.15555624,,0.2966,0.296,168,ff9221ea-1ea5-48eb-80ba-1b5f945a067c,
1771123135541,2026-02-15 02:38:55,ETHUSDT,Buy,-0.00402871,,2056.23,2054.89,0.02,4086f75a-1ff9-4b76-8606-d12f5c5f9cf6,
1771123176873,2026-02-15 02:39:36,BNBUSDT,Buy,-0.0345023,,630,629.8,0.07,a803b644-7e23-44c8-b263-8fd6139c179b,
1771125321344,2026-02-15 03:15:21,XRPUSDT,Sell,-0.06474881,,1.5275,1.5272,32.7,3885cef7-795f-48c5-a7d6-895588fc16ce,
1771126192710,2026-02-15 03:29:52,ADAUSDT,Sell,0.01266654,,0.2953,0.2957,169,8a9021e9-91ee-44ab-8583-d51359ae2e3e,
1771127136539,2026-02-15 03:45:36,ETHUSDT,Buy,0.18987338,,2056.53,2045.5,0.02,fd8e75e4-ffbc-42da-8f0c-13566b71d373,
1771129052756,2026-02-15 04:17:32,ADAUSDT,Sell,-0.13766131,,0.2996,0.2991,166,e6bcc39f-8267-4e20-bbbb-8f3a3cfa8482,
1771130144412,2026-02-15 04:35:44,XRPUSDT,Sell,0.15690017,,1.5388,1.5448,32.4,a0be31ee-8da1-406b-afda-9fc7bc3e6ca9,
1771131132484,2026-02-15 04:52:12,XRPUSDT,Sell,0.08877698,,1.5488,1.5527208,32.2,798e8406-8f7b-4774-9e54-32355b84eabf,
1771135189499,2026-02-15 05:59:49,ETHUSDT,Sell,0.20953251,,2075.67,2087.71,0.02,d30e55d3-0c5a-4f11-98dd-75f6c4f57d2f,
1771135818872,2026-02-15 06:10:18,ADAUSDT,Sell,-0.13823343,,0.2982,0.2977,167,748f9f33-4e2f-4ebe-a63e-79aeeab6ca26,
1771136008671,2026-02-15 06:13:28,SOLUSDT,Sell,-0.06853575,,89.48,89.41,0.5,33edbd6f-8d87-4a93-bf2e-743dfcbaf76d,
1771139898630,2026-02-15 07:18:18,BTCUSDT,Buy,-1.20966523,,69493,70625.6,0.001,cbcca32f-1d6c-4aea-a12b-c055704f41de,
1771140426718,2026-02-15 07:27:06,SOLUSDT,Sell,0.0163425,,89.68,89.78,0.5,7790c2fc-92c6-4921-97c0-ec3342a02cf0,
1771141445849,2026-02-15 07:44:05,DOGEUSDT,Sell,0.28699299,,0.11524,0.11603,433,b473caef-1adb-4445-82ed-44c134809854,
1771141967482,2026-02-15 07:52:47,XRPUSDT,Sell,0.28165612,,1.6172,1.6281,30.9,4b69e8dc-fec2-4a57-ae68-258dd3f242cc,
1771142529875,2026-02-15 08:02:09,ADAUSDT,Sell,0.26230909,,0.2985,0.3004,167,f87fc8fb-6ae0-4ca9-a5f1-b1892a43ce4f,
1771143160191,2026-02-15 08:12:40,AVAXUSDT,Sell,-0.02885313,,9.662,9.664,5.1,1be0e854-c575-40a8-9ad0-3e65b1fe8aca,
1771144465228,2026-02-15 08:34:25,XRPUSDT,Sell,-0.79192781,,1.6487,1.6237,30.2,3d4cf894-5bd8-4377-9a50-1f49300fbb27,
1771146671839,2026-02-15 09:11:11,SOLUSDT,Sell,0.26126025,,89.54,90.13,0.5,8efdc027-664d-4ba7-ba0f-e0f3160a94ba,
1771150913788,2026-02-15 10:21:53,BNBUSDT,Buy,0.0999929,,630.1,628.2,0.07,303d9f66-cbf1-4111-8ab1-2410ccfeb993,
1771152758440,2026-02-15 10:52:38,XRPUSDT,Sell,-0.07507317,,1.5887,1.5875,31.4,46f75faa-5c60-4bdf-ae34-8f14adda11c7,
1771154432408,2026-02-15 11:20:32,XRPUSDT,Sell,-0.06879662,,1.5887,1.5877,31.4,42876fb6-45b5-4ce6-8d0f-bd67381e4486,
1771160142620,2026-02-15 12:55:42,BTCUSDT,Sell,-1.12700747,,70531.4,69456.7,0.001,246dfd39-19ab-403f-b19a-00e0a511fbc2,
1771160417638,2026-02-15 13:00:17,BNBUSDT,Buy,0.42927885,,628.1,621.5,0.07,f95ff743-34d9-45f1-a6ee-eec00ba96ad5,
1771162684452,2026-02-15 13:38:04,ETHUSDT,Buy,0.21000376,,2021.89,2009.88,0.02,1edfbe89-1067-4f50-b63b-44d25ad911ae,
1771163280853,2026-02-15 13:48:00,BNBUSDT,Buy,0.0188368,,619.9,619.2,0.08,1cc463cf-6159-4441-9266-11609c0d828d,
1771163824938,2026-02-15 13:57:04,ADAUSDT,Buy,-0.10807355,,0.2822,0.2825,177,6d81a6a4-3b4e-49e0-ab33-7f60ad125919,
1771166318697,2026-02-15 14:38:38,BNBUSDT,Buy,-0.0692236,,620.1,620.5,0.08,f15164b1-92b1-40fb-bdbf-415969c2348d,
1771171583571,2026-02-15 16:06:23,ETHUSDT,Buy,-0.111297,,2000.32,2004.31,0.02,a0031bd0-3c7f-484e-8f24-3a0a8cb25009,
1771172253347,2026-02-15 16:17:33,BTCUSDT,Buy,0.09310048,,69123.3,68979.9,0.001,32cd1c38-5151-4131-8880-f1133ee63fa6,
1771172948811,2026-02-15 16:29:08,SOLUSDT,Buy,-0.0904318,,87.28,87.41,0.4,8bc84e86-6c8c-43c7-8dc6-a4786d3f13bb,
1771173961657,2026-02-15 16:46:01,ADAUSDT,Buy,-0.1603888,,0.2827,0.2833,176,fc642288-f660-40d9-8d24-0a4ffeea2e8d,
1771177563655,2026-02-15 17:46:03,ETHUSDT,Buy,0.63345721,,2007.17,1974.01,0.02,ed727339-398c-44f3-865c-3a9af24b9fbf,
1771177883676,2026-02-15 17:51:23,BNBUSDT,Buy,0.5951356,,620.2,612.3,0.08,acad880a-f352-44a1-9f39-c87df25519d9,
1771177889492,2026-02-15 17:51:29,BTCUSDT,Buy,0.5875443,,69076.2,68437.2,0.001,5c1811b5-d836-44ac-9939-2d7cdf0ed954,
1771179559721,2026-02-15 18:19:19,ADAUSDT,Buy,-0.10864586,,0.2802,0.2806,178,a53a556d-9ba8-40bd-90b6-fa7783668a11,
1771179562478,2026-02-15 18:19:22,LINKUSDT,Buy,0.04365111,,8.747,8.73278948,5.7,1250482d-3ba7-4f3c-9773-7aa1a57fddbb,
1771180705187,2026-02-15 18:38:25,XRPUSDT,Buy,0.1041805,,1.4812,1.477,33.7,3f2f5486-ac3c-4712-88ac-260fe7ea5af2,
1771180864366,2026-02-15 18:41:04,BTCUSDT,Buy,-0.11567399,,68584.9,68649.1,0.001,f12530c4-d1ae-4146-afed-382b52737011,
1771182447585,2026-02-15 19:07:27,ETHUSDT,Buy,0.28664654,,1960.67,1944.19,0.02,0ca29905-cd04-4dc6-adf3-fefddfe7fc87,
1771182685476,2026-02-15 19:11:25,BTCUSDT,Buy,0.16445353,,68486.8,68271.1,0.001,0f8fb6d8-e163-4370-8c38-60286c8ad7b6,
1771184470325,2026-02-15 19:41:10,LINKUSDT,Buy,0.13028328,,8.657,8.62766667,5.7,1daed5aa-83d9-46ff-ab36-9157c2e35569,
1771184817122,2026-02-15 19:46:57,AVAXUSDT,Buy,-0.05337576,,9.177,9.18,5.4,dbd9ef16-9162-442f-83b7-ecdf7afecfa5,
1771184838854,2026-02-15 19:47:18,SOLUSDT,Buy,0.17790675,,85.89,85.47,0.5,d2b17a9c-e21e-4f90-8a60-4f9e0aa96f2c,
1771184838854,2026-02-15 19:47:18,DOGEUSDT,Buy,0.52977206,,0.10425,0.10303,479,284c1145-9a86-4447-a6ca-595a6ba84656,
1771185986909,2026-02-15 20:06:26,DOGEUSDT,Buy,-0.1523682,,0.10251,0.10271,487,df6b66e3-4019-4e7e-ba2e-d3bab578d9fd,
1771187266491,2026-02-15 20:27:46,ETHUSDT,Buy,-0.09678533,,1943.21,1946.59,0.02,a715678b-541d-41d9-99ca-2ffb84431d29,
1771194855462,2026-02-15 22:34:15,TRXUSDT,Buy,0.05221671,,0.28137,0.28072,177,75c5720d-f5f3-44f7-810e-848697fb1132,
1771197021890,2026-02-15 23:10:21,SOLUSDT,Buy,0.0429525,,85.57,85.42,0.5,be032d15-2a22-441d-9e8e-2398667fab88,
1771197052499,2026-02-15 23:10:52,ETHUSDT,Buy,0.21647999,,1963.68,1951.39,0.02,a24f9e13-baca-4b09-9f9d-d3100feaec62,
1771197442106,2026-02-15 23:17:22,DOGEUSDT,Buy,-0.08921064,,0.10184,0.10191,490,b293fad6-f58d-457f-91d8-89bf95da5a2b,
1771197905469,2026-02-15 23:25:05,LINKUSDT,Buy,-0.08850789,,8.697,8.706,5.7,024f334d-7b82-499e-a790-328000423960,
1771200192559,2026-02-16 00:03:12,ETHUSDT,Buy,-0.10722612,,1963.59,1967.44,0.02,14dc14d1-c7ce-46ac-a2e4-ca77a7311f86,
1771200422091,2026-02-16 00:07:02,DOGEUSDT,Buy,-0.15816148,,0.10247,0.10267,487,93d53bcd-c54f-49a2-b69d-373f486e6c08,
1771201944798,2026-02-16 00:32:24,SOLUSDT,Buy,-0.05630109,,85.94,85.98,0.5,5cdf356f-00d8-48a8-90bd-b40e0bc85c2b,
1771204334111,2026-02-16 01:12:14,AVAXUSDT,Sell,-0.14825796,,9.313,9.292,5.3,d7beab05-b704-4102-a15c-0231e206c706,
1771205403187,2026-02-16 01:30:03,XRPUSDT,Buy,-0.03796513,,1.4729,1.4724,33.9,27e80584-df1b-4bd2-939c-b0141f180868,
1771206396482,2026-02-16 01:46:36,LINKUSDT,Buy,0.09943906,,8.757,8.733,5.7,a01682a3-cecc-4aeb-8d45-2f45c01843c8,
1771206474827,2026-02-16 01:47:54,SOLUSDT,Buy,0.17779075,,86.06,85.61,0.5,b0bf53e9-6646-4783-8331-335123689a42,
1771206542466,2026-02-16 01:49:02,ETHUSDT,Buy,0.01454905,,1965.01,1962.81,0.02,6ff513e4-3993-4166-92ad-9c57ff72ae9c,
1771209315340,2026-02-16 02:35:15,LINKUSDT,Buy,-0.03739343,,8.747,8.747,5.7,3a391814-25c5-4c7c-869c-6e78da6dc640,
1771213465531,2026-02-16 03:44:25,BTCUSDT,Buy,-0.03133481,,68345,68330.2,0.001,20b0d46f-cc02-4126-b0f5-e5179f0f92de,
1771213739758,2026-02-16 03:48:59,BNBUSDT,Buy,0.0555024,,614.4,612.8,0.06,b37830b8-e1c9-4124-8f9f-212a0e567c2f,
1771213911767,2026-02-16 03:51:51,SOLUSDT,Buy,0.123049,,85.43,85.12,0.5,b35e637a-b1bb-409c-a765-3a1351aeb585,
1771221309906,2026-02-16 05:55:09,BNBUSDT,Buy,0.1092523,,613.8,611.975,0.08,051a3849-8cce-4f5c-a06a-315490e1ea7a,
1771221314499,2026-02-16 05:55:14,ETHUSDT,Buy,-0.07716194,,1955.71,1958.1,0.02,4832a8b8-3faa-44ec-a5bd-a94f9936974c,
1771223317782,2026-02-16 06:28:37,SOLUSDT,Buy,-0.03678775,,84.76,84.77,0.5,0c49512c-a5db-406d-b9aa-496d62bde850,
1771223447559,2026-02-16 06:30:47,BTCUSDT,Buy,0.00168407,,68460.1,68407.1,0.001,7485b99a-1d42-40cd-8a8e-5310d90a3956,
1771226804869,2026-02-16 07:26:44,DOGEUSDT,Buy,-0.13326718,,0.10222,0.10238,489,f0016f18-302d-42ef-bb1b-147bc530acd0,
1771228171848,2026-02-16 07:49:31,BNBUSDT,Buy,-0.0299308,,613,612.7,0.08,bff3bff2-b25f-45c6-8c9c-07bedf8a84c7,
1771235715472,2026-02-16 09:55:15,XRPUSDT,Sell,0.10536132,,1.4988,1.5031,33.2,a52e340b-aa4c-4f22-9802-62c09659ab4f,
1771236128341,2026-02-16 10:02:08,LINKUSDT,Sell,-0.0652092,,8.863,8.858,5.6,3e8ccd8a-1938-4aa4-a119-178b18023b26,
1771241153742,2026-02-16 11:25:53,ETHUSDT,Buy,0.04415003,,1966.03,1962.35,0.02,e904664f-cd15-4564-84bc-a11eac625eba,
1771241224451,2026-02-16 11:27:04,BTCUSDT,Buy,-0.11796329,,68454.1,68523.1,0.001,9be0fae2-d92e-4e56-83c2-2e8a9d3ceab9,
1771242848260,2026-02-16 11:54:08,LINKUSDT,Buy,-0.14013537,,8.767,8.785,5.7,79ab1eae-189e-4fe4-841b-8b84adbc2fc6,
1771245018317,2026-02-16 12:30:18,XRPUSDT,Sell,0.13669809,,1.4888,1.494,33.5,d61475a6-d8d7-40f0-a19f-0a22152470e5,
1771245075866,2026-02-16 12:31:15,BNBUSDT,Sell,0.1210305,,619.4,622.1,0.06,e91da4b8-689d-43aa-b5c1-5eda7066acad,
1771246167504,2026-02-16 12:49:27,ETHUSDT,Buy,-0.66609376,,1969.59,2001.4,0.02,574eef4b-1b21-4570-a94e-2917af367fd7,
1771246939891,2026-02-16 13:02:19,SOLUSDT,Buy,-0.6723395,,85.3,86.58,0.5,dab1fd0c-bac8-4a1f-80a0-f00150c6ecbd,
1771247066353,2026-02-16 13:04:26,BTCUSDT,Sell,0.43102093,,69351,69834.3,0.001,a57dd942-2702-4932-a07f-b3a9d21f8fb9,
1771248043815,2026-02-16 13:20:43,ADAUSDT,Sell,-0.15927438,,0.287,0.2864,174,d2675583-7a72-423f-8b2e-83c7ed47818c,
1771250256483,2026-02-16 13:57:36,LINKUSDT,Buy,0.08794728,,8.777,8.755,5.7,5765695c-0f13-4949-8f03-3330d4e3bdf1,
1771255137908,2026-02-16 15:18:57,SOLUSDT,Buy,-0.05110925,,83.83,83.84,0.5,2497785d-0a4e-4f78-990f-4f7037332bee,
1771255954927,2026-02-16 15:32:34,ADAUSDT,Buy,0.29946452,,0.2811,0.2791,177,3823717d-0724-40d9-a7eb-0168d53d588b,
1771256277110,2026-02-16 15:37:57,DOGEUSDT,Buy,0.41345501,,0.10026,0.09932,498,8b316542-b0b8-4731-a09e-7f5996123319,
1771257894817,2026-02-16 16:04:54,SOLUSDT,Buy,-0.0669714,,83.28,83.3,0.6,891464b7-0adc-41f1-8064-6e674338171e,
1771257900636,2026-02-16 16:05:00,BNBUSDT,Buy,-0.11391181,,607.8,608.7,0.08,01e4384c-8eea-4891-90bd-7c61cca2e47f,
1771257903391,2026-02-16 16:05:03,BTCUSDT,Buy,-0.16653789,,67565.6,67681.4,0.001,58f4a552-5c8c-4c73-b59e-713eddb08781,
